,id,raw,timestamp,level,service,message,attributes,line_no,level_display
0,727a067c49fa,STANDARD OPERATING PROCEDURE,2026-03-09T13:15:44.888415,INFO,unknown,STANDARD OPERATING PROCEDURE,{'source': 'SOP-003-High-500-Error-Rate.txt'},0,🟢 INFO
1,bd953ecdd521,SOP-003: High HTTP 500 Error Rate Investigation,2026-03-09T13:15:44.889926,INFO,unknown,SOP-003: High HTTP 500 Error Rate Investigation,{'source': 'SOP-003-High-500-Error-Rate.txt'},1,🟢 INFO
2,4496b3332c0e,Version: 3.0 | Owner: Application-SRE | Last Updated: 2024-01-20,2026-03-09T13:15:44.889926,INFO,unknown,Version: 3.0 | Owner: Application-SRE | Last Updated: 2024-01-20,{'source': 'SOP-003-High-500-Error-Rate.txt'},2,🟢 INFO
3,8475585c0414,Severity: P1/P2 | MTTR Target: 20 minutes,2026-03-09T13:15:44.889926,INFO,unknown,Severity: P1/P2 | MTTR Target: 20 minutes,{'source': 'SOP-003-High-500-Error-Rate.txt'},3,🟢 INFO
4,b987943e5cd4,================================================================,2026-03-09T13:15:44.889926,INFO,unknown,================================================================,{'source': 'SOP-003-High-500-Error-Rate.txt'},4,🟢 INFO
5,59c3670aebb0,1. OVERVIEW,2026-03-09T13:15:44.889926,INFO,unknown,1. OVERVIEW,{'source': 'SOP-003-High-500-Error-Rate.txt'},6,🟢 INFO
6,bb8c5713ba40,-----------,2026-03-09T13:15:44.889926,INFO,unknown,-----------,{'source': 'SOP-003-High-500-Error-Rate.txt'},7,🟢 INFO
7,fe4a716c36ac,This SOP guides the investigation of sudden spikes in HTTP 500 Internal,2026-03-09T13:15:44.889926,INFO,unknown,This SOP guides the investigation of sudden spikes in HTTP 500 Internal,{'source': 'SOP-003-High-500-Error-Rate.txt'},8,🟢 INFO
8,5e3a74c919d9,Server Errors. A 500 error rate above 5% is P2; above 25% is P1.,2026-03-09T13:15:44.889926,INFO,unknown,Server Errors. A 500 error rate above 5% is P2; above 25% is P1.,{'source': 'SOP-003-High-500-Error-Rate.txt'},9,🟢 INFO
9,60fe0c5a9134,500 errors indicate server-side failures and directly impact user experience.,2026-03-09T13:15:44.890436,INFO,unknown,500 errors indicate server-side failures and directly impact user experience.,{'source': 'SOP-003-High-500-Error-Rate.txt'},10,🟢 INFO
10,fb16dc5bd3fb,Key Principle: Work from symptom → layer → component → root cause.,2026-03-09T13:15:44.890436,INFO,unknown,Key Principle: Work from symptom → layer → component → root cause.,{'source': 'SOP-003-High-500-Error-Rate.txt'},12,🟢 INFO
11,1733f9f77633,Do NOT restart services without first identifying the cause.,2026-03-09T13:15:44.890436,INFO,unknown,Do NOT restart services without first identifying the cause.,{'source': 'SOP-003-High-500-Error-Rate.txt'},13,🟢 INFO
12,e6a3ed5ec11d,2. SEVERITY CLASSIFICATION,2026-03-09T13:15:44.890436,INFO,unknown,2. SEVERITY CLASSIFICATION,{'source': 'SOP-003-High-500-Error-Rate.txt'},15,🟢 INFO
13,a729e1a03b44,---------------------------,2026-03-09T13:15:44.890436,INFO,unknown,---------------------------,{'source': 'SOP-003-High-500-Error-Rate.txt'},16,🟢 INFO
14,4944e9119a2a,"P1 (Immediate): Error rate >25% OR >10,000 errors/min OR revenue impact",2026-03-09T13:15:44.890436,INFO,unknown,"P1 (Immediate): Error rate >25% OR >10,000 errors/min OR revenue impact",{'source': 'SOP-003-High-500-Error-Rate.txt'},17,🟢 INFO
15,614a3ff33858,P2 (Urgent):    Error rate 5-25% OR specific critical endpoint affected,2026-03-09T13:15:44.890436,INFO,unknown,P2 (Urgent):    Error rate 5-25% OR specific critical endpoint affected,{'source': 'SOP-003-High-500-Error-Rate.txt'},18,🟢 INFO
16,9baf75de2ffb,P3 (Monitor):   Error rate 1-5% OR low-traffic endpoint only,2026-03-09T13:15:44.890436,INFO,unknown,P3 (Monitor):   Error rate 1-5% OR low-traffic endpoint only,{'source': 'SOP-003-High-500-Error-Rate.txt'},19,🟢 INFO
17,2b27061b9cd6,3. IMMEDIATE TRIAGE (First 5 minutes),2026-03-09T13:15:44.890436,INFO,unknown,3. IMMEDIATE TRIAGE (First 5 minutes),{'source': 'SOP-003-High-500-Error-Rate.txt'},21,🟢 INFO
18,0a216e41fd9f,--------------------------------------,2026-03-09T13:15:44.890436,INFO,unknown,--------------------------------------,{'source': 'SOP-003-High-500-Error-Rate.txt'},22,🟢 INFO
19,b755f19c95db,Step 1: Establish timeline,2026-03-09T13:15:44.890436,INFO,unknown,Step 1: Establish timeline,{'source': 'SOP-003-High-500-Error-Rate.txt'},23,🟢 INFO
20,a3cc93759a36,  - When did errors start? (Check dashboard),2026-03-09T13:15:44.890436,INFO,unknown,  - When did errors start? (Check dashboard),{'source': 'SOP-003-High-500-Error-Rate.txt'},24,🟢 INFO
21,59b955217004,  - Was there a deployment in the last 30 minutes?,2026-03-09T13:15:44.890436,INFO,unknown,  - Was there a deployment in the last 30 minutes?,{'source': 'SOP-003-High-500-Error-Rate.txt'},25,🟢 INFO
22,372d073f1a8f,"  - Any infrastructure changes? (scaling event, config change)",2026-03-09T13:15:44.890436,INFO,unknown,"  - Any infrastructure changes? (scaling event, config change)",{'source': 'SOP-003-High-500-Error-Rate.txt'},26,🟢 INFO
23,379d67dfb89a,"  - Correlate with any external events (traffic spike, partner API issue)",2026-03-09T13:15:44.890436,INFO,unknown,"  - Correlate with any external events (traffic spike, partner API issue)",{'source': 'SOP-003-High-500-Error-Rate.txt'},27,🟢 INFO
24,24c291724db6,Step 2: Scope the impact,2026-03-09T13:15:44.891455,INFO,unknown,Step 2: Scope the impact,{'source': 'SOP-003-High-500-Error-Rate.txt'},29,🟢 INFO
25,6d004a48bbd5,  - Which endpoints are affected? (Check by path in access logs),2026-03-09T13:15:44.891455,INFO,unknown,  - Which endpoints are affected? (Check by path in access logs),{'source': 'SOP-003-High-500-Error-Rate.txt'},30,🟢 INFO
26,be55bccb9ec1,  - Which services are generating the errors?,2026-03-09T13:15:44.891455,INFO,unknown,  - Which services are generating the errors?,{'source': 'SOP-003-High-500-Error-Rate.txt'},31,🟢 INFO
27,19b83c2a1faa,  - Are errors on all pods/instances or isolated?,2026-03-09T13:15:44.891455,INFO,unknown,  - Are errors on all pods/instances or isolated?,{'source': 'SOP-003-High-500-Error-Rate.txt'},32,🟢 INFO
28,834e41da8f11,"  Command: grep ""HTTP 500"" /var/log/nginx/access.log | awk '{print $7}' | sort | uniq -c | sort -rn",2026-03-09T13:15:44.891455,INFO,unknown,"  Command: grep ""HTTP 500"" /var/log/nginx/access.log | awk '{print $7}' | sort | uniq -c | sort -rn",{'source': 'SOP-003-High-500-Error-Rate.txt'},34,🟢 INFO
29,79e2457b0d92,Step 3: Check for obvious causes,2026-03-09T13:15:44.891455,INFO,unknown,Step 3: Check for obvious causes,{'source': 'SOP-003-High-500-Error-Rate.txt'},36,🟢 INFO
30,f8f889ec8cde,  - Recent deployment: git log --oneline -5,2026-03-09T13:15:44.891455,INFO,unknown,  - Recent deployment: git log --oneline -5,{'source': 'SOP-003-High-500-Error-Rate.txt'},37,🟢 INFO
31,c6dd48e7f04b,  - Config change: kubectl describe configmap app-config,2026-03-09T13:15:44.891455,INFO,unknown,  - Config change: kubectl describe configmap app-config,{'source': 'SOP-003-High-500-Error-Rate.txt'},38,🟢 INFO
32,10d665a21a2f,  - Resource exhaustion: kubectl top pods,2026-03-09T13:15:44.891455,INFO,unknown,  - Resource exhaustion: kubectl top pods,{'source': 'SOP-003-High-500-Error-Rate.txt'},39,🟢 INFO
33,35b70f981b29,4. DIAGNOSIS DECISION TREE,2026-03-09T13:15:44.891455,INFO,unknown,4. DIAGNOSIS DECISION TREE,{'source': 'SOP-003-High-500-Error-Rate.txt'},41,🟢 INFO
34,c38ed588354f,---------------------------,2026-03-09T13:15:44.891455,INFO,unknown,---------------------------,{'source': 'SOP-003-High-500-Error-Rate.txt'},42,🟢 INFO
35,4eb0f0962279,IF errors started after deployment:,2026-03-09T13:15:44.891455,INFO,unknown,IF errors started after deployment:,{'source': 'SOP-003-High-500-Error-Rate.txt'},44,🟢 INFO
36,30dc7cb9d7e1,  → Likely: code regression or bad config,2026-03-09T13:15:44.891455,INFO,unknown,  → Likely: code regression or bad config,{'source': 'SOP-003-High-500-Error-Rate.txt'},45,🟢 INFO
37,8342d396f49f,"  → Action: Check new code diff, consider rollback",2026-03-09T13:15:44.891455,INFO,unknown,"  → Action: Check new code diff, consider rollback",{'source': 'SOP-003-High-500-Error-Rate.txt'},46,🟢 INFO
38,8458d7eef08a,  → Command: kubectl rollout history deployment/web-server,2026-03-09T13:15:44.891455,INFO,unknown,  → Command: kubectl rollout history deployment/web-server,{'source': 'SOP-003-High-500-Error-Rate.txt'},47,🟢 INFO
39,d7759dcebfd7,IF errors on all endpoints simultaneously:,2026-03-09T13:15:44.891455,INFO,unknown,IF errors on all endpoints simultaneously:,{'source': 'SOP-003-High-500-Error-Rate.txt'},49,🟢 INFO
40,e021c63c5753,"  → Likely: shared dependency failure (DB, cache, external API)",2026-03-09T13:15:44.891455,INFO,unknown,"  → Likely: shared dependency failure (DB, cache, external API)",{'source': 'SOP-003-High-500-Error-Rate.txt'},50,🟢 INFO
41,1a58ee815dbf,"  → Action: Check DB connections, Redis, downstream services",2026-03-09T13:15:44.892445,INFO,unknown,"  → Action: Check DB connections, Redis, downstream services",{'source': 'SOP-003-High-500-Error-Rate.txt'},51,🟢 INFO
42,7d95d64c835f,  → See SOP-001 (Database) or SOP-002 (Redis),2026-03-09T13:15:44.892445,INFO,unknown,  → See SOP-001 (Database) or SOP-002 (Redis),{'source': 'SOP-003-High-500-Error-Rate.txt'},52,🟢 INFO
43,dbf53e32ed75,IF errors on specific endpoint only:,2026-03-09T13:15:44.892445,INFO,unknown,IF errors on specific endpoint only:,{'source': 'SOP-003-High-500-Error-Rate.txt'},54,🟢 INFO
44,1f6c5b8887b1,  → Likely: code bug or data-specific issue,2026-03-09T13:15:44.892445,INFO,unknown,  → Likely: code bug or data-specific issue,{'source': 'SOP-003-High-500-Error-Rate.txt'},55,🟢 INFO
45,6be9c37b7119,  → Action: Check application logs for that endpoint,2026-03-09T13:15:44.892445,INFO,unknown,  → Action: Check application logs for that endpoint,{'source': 'SOP-003-High-500-Error-Rate.txt'},56,🟢 INFO
46,dd8050f6046b,"  → Command: grep ""POST /api/checkout"" /var/log/app/error.log",2026-03-09T13:15:44.892445,INFO,unknown,"  → Command: grep ""POST /api/checkout"" /var/log/app/error.log",{'source': 'SOP-003-High-500-Error-Rate.txt'},57,🟢 INFO
47,baab34c9d4a7,IF errors increasing gradually (not sudden spike):,2026-03-09T13:15:44.892445,INFO,unknown,IF errors increasing gradually (not sudden spike):,{'source': 'SOP-003-High-500-Error-Rate.txt'},59,🟢 INFO
48,8efa688a9c51,  → Likely: resource leak or gradual degradation,2026-03-09T13:15:44.892445,INFO,unknown,  → Likely: resource leak or gradual degradation,{'source': 'SOP-003-High-500-Error-Rate.txt'},60,🟢 INFO
49,fab27e1ef1b4,"  → Action: Check memory/CPU trend, look for connection leaks",2026-03-09T13:15:44.892445,INFO,unknown,"  → Action: Check memory/CPU trend, look for connection leaks",{'source': 'SOP-003-High-500-Error-Rate.txt'},61,🟢 INFO
50,097d5bedc7e3,  → Command: kubectl top pods --containers,2026-03-09T13:15:44.892445,INFO,unknown,  → Command: kubectl top pods --containers,{'source': 'SOP-003-High-500-Error-Rate.txt'},62,🟢 INFO
51,41f331512a64,IF errors correlate with traffic spike:,2026-03-09T13:15:44.892445,INFO,unknown,IF errors correlate with traffic spike:,{'source': 'SOP-003-High-500-Error-Rate.txt'},64,🟢 INFO
52,d9bb61d397e6,  → Likely: capacity issue or rate limiting,2026-03-09T13:15:44.892445,INFO,unknown,  → Likely: capacity issue or rate limiting,{'source': 'SOP-003-High-500-Error-Rate.txt'},65,🟢 INFO
53,e3f5dc45e2c4,"  → Action: Scale up, check rate limit config",2026-03-09T13:15:44.892445,INFO,unknown,"  → Action: Scale up, check rate limit config",{'source': 'SOP-003-High-500-Error-Rate.txt'},66,🟢 INFO
54,266fb9743132,  → Command: kubectl scale deployment/web-server --replicas=10,2026-03-09T13:15:44.892445,INFO,unknown,  → Command: kubectl scale deployment/web-server --replicas=10,{'source': 'SOP-003-High-500-Error-Rate.txt'},67,🟢 INFO
55,fb5e1d72eb89,5. COMMON ROOT CAUSES & FIXES,2026-03-09T13:15:44.892445,INFO,unknown,5. COMMON ROOT CAUSES & FIXES,{'source': 'SOP-003-High-500-Error-Rate.txt'},69,🟢 INFO
56,1cad13988b8f,-------------------------------,2026-03-09T13:15:44.892445,INFO,unknown,-------------------------------,{'source': 'SOP-003-High-500-Error-Rate.txt'},70,🟢 INFO
57,4edb6c30bfb2,Root Cause: Null pointer / unhandled exception in new code,2026-03-09T13:15:44.892445,INFO,unknown,Root Cause: Null pointer / unhandled exception in new code,{'source': 'SOP-003-High-500-Error-Rate.txt'},72,🟢 INFO
58,302560a59478,"  Evidence: Stack trace in error logs, started after deployment",2026-03-09T13:15:44.892445,INFO,unknown,"  Evidence: Stack trace in error logs, started after deployment",{'source': 'SOP-003-High-500-Error-Rate.txt'},73,🟢 INFO
59,293cf9ef864e,  Fix: Roll back deployment,2026-03-09T13:15:44.892445,INFO,unknown,  Fix: Roll back deployment,{'source': 'SOP-003-High-500-Error-Rate.txt'},74,🟢 INFO
60,8b2a9eee011c,  Command: kubectl rollout undo deployment/web-server,2026-03-09T13:15:44.892445,INFO,unknown,  Command: kubectl rollout undo deployment/web-server,{'source': 'SOP-003-High-500-Error-Rate.txt'},75,🟢 INFO
61,241b078b14fa,Root Cause: Database query timeout,2026-03-09T13:15:44.892445,INFO,unknown,Root Cause: Database query timeout,{'source': 'SOP-003-High-500-Error-Rate.txt'},77,🟢 INFO
62,35aba5ac6124,"  Evidence: ""Query timed out after Xms"", DB slow query log spikes",2026-03-09T13:15:44.892445,INFO,unknown,"  Evidence: ""Query timed out after Xms"", DB slow query log spikes",{'source': 'SOP-003-High-500-Error-Rate.txt'},78,🟢 INFO
63,0fcddfbbe18f,"  Fix: Kill slow queries, add index, increase query timeout temporarily",2026-03-09T13:15:44.892445,INFO,unknown,"  Fix: Kill slow queries, add index, increase query timeout temporarily",{'source': 'SOP-003-High-500-Error-Rate.txt'},79,🟢 INFO
64,bb8e6ffcb678,  See: SOP-001 for full DB runbook,2026-03-09T13:15:44.892445,INFO,unknown,  See: SOP-001 for full DB runbook,{'source': 'SOP-003-High-500-Error-Rate.txt'},80,🟢 INFO
65,ea237beaaa9c,"Root Cause: External API unavailable (payment, email, etc.)",2026-03-09T13:15:44.892445,INFO,unknown,"Root Cause: External API unavailable (payment, email, etc.)",{'source': 'SOP-003-High-500-Error-Rate.txt'},82,🟢 INFO
66,1e457e8f22ae,  Evidence: Timeout errors to specific external host,2026-03-09T13:15:44.892445,INFO,unknown,  Evidence: Timeout errors to specific external host,{'source': 'SOP-003-High-500-Error-Rate.txt'},83,🟢 INFO
67,c0d472ee1b46,"  Fix: Enable fallback mode, disable non-critical external calls",2026-03-09T13:15:44.892445,INFO,unknown,"  Fix: Enable fallback mode, disable non-critical external calls",{'source': 'SOP-003-High-500-Error-Rate.txt'},84,🟢 INFO
68,f5a63a68383b,  Command: kubectl set env deployment/web-server PAYMENT_FALLBACK=true,2026-03-09T13:15:44.892445,INFO,unknown,  Command: kubectl set env deployment/web-server PAYMENT_FALLBACK=true,{'source': 'SOP-003-High-500-Error-Rate.txt'},85,🟢 INFO
69,71529fb72f36,Root Cause: Memory leak causing OOM restarts,2026-03-09T13:15:44.892445,INFO,unknown,Root Cause: Memory leak causing OOM restarts,{'source': 'SOP-003-High-500-Error-Rate.txt'},87,🟢 INFO
70,6a5aa2cad28d,"  Evidence: Pod restarts increasing, OOMKilled events",2026-03-09T13:15:44.892445,INFO,unknown,"  Evidence: Pod restarts increasing, OOMKilled events",{'source': 'SOP-003-High-500-Error-Rate.txt'},88,🟢 INFO
71,46eac54e9275,"  Fix: Rolling restart, increase memory limits, identify leaking code",2026-03-09T13:15:44.892445,INFO,unknown,"  Fix: Rolling restart, increase memory limits, identify leaking code",{'source': 'SOP-003-High-500-Error-Rate.txt'},89,🟢 INFO
72,74677ddc866c,  Command: kubectl get events | grep OOMKilled,2026-03-09T13:15:44.893453,INFO,unknown,  Command: kubectl get events | grep OOMKilled,{'source': 'SOP-003-High-500-Error-Rate.txt'},90,🟢 INFO
73,7beef2547434,Root Cause: File descriptor exhaustion,2026-03-09T13:15:44.893453,INFO,unknown,Root Cause: File descriptor exhaustion,{'source': 'SOP-003-High-500-Error-Rate.txt'},92,🟢 INFO
74,4d6d95a3c898,"  Evidence: ""Too many open files"" in logs",2026-03-09T13:15:44.893453,INFO,unknown,"  Evidence: ""Too many open files"" in logs",{'source': 'SOP-003-High-500-Error-Rate.txt'},93,🟢 INFO
75,8938d5d0bbfd,  Fix: ulimit -n 65536 or increase at OS level,2026-03-09T13:15:44.893453,INFO,unknown,  Fix: ulimit -n 65536 or increase at OS level,{'source': 'SOP-003-High-500-Error-Rate.txt'},94,🟢 INFO
76,36b5e6d1c33c,"  Command: cat /proc/$(pgrep java)/limits | grep ""open files""",2026-03-09T13:15:44.893453,INFO,unknown,"  Command: cat /proc/$(pgrep java)/limits | grep ""open files""",{'source': 'SOP-003-High-500-Error-Rate.txt'},95,🟢 INFO
77,655ad59ed8df,Root Cause: Certificate expiry,2026-03-09T13:15:44.893453,INFO,unknown,Root Cause: Certificate expiry,{'source': 'SOP-003-High-500-Error-Rate.txt'},97,🟢 INFO
78,808795effb17,"  Evidence: SSL handshake errors, specific to HTTPS endpoints",2026-03-09T13:15:44.893453,INFO,unknown,"  Evidence: SSL handshake errors, specific to HTTPS endpoints",{'source': 'SOP-003-High-500-Error-Rate.txt'},98,🟢 INFO
79,dac1cd1553b9,  Fix: Renew certificate immediately,2026-03-09T13:15:44.893453,INFO,unknown,  Fix: Renew certificate immediately,{'source': 'SOP-003-High-500-Error-Rate.txt'},99,🟢 INFO
80,cf11f2362a8c,"  Command: openssl s_client -connect api.internal:443 | grep ""notAfter""",2026-03-09T13:15:44.893453,INFO,unknown,"  Command: openssl s_client -connect api.internal:443 | grep ""notAfter""",{'source': 'SOP-003-High-500-Error-Rate.txt'},100,🟢 INFO
81,2c679d8dc8ec,6. ROLLBACK PROCEDURE,2026-03-09T13:15:44.893453,INFO,unknown,6. ROLLBACK PROCEDURE,{'source': 'SOP-003-High-500-Error-Rate.txt'},102,🟢 INFO
82,e98351c82db7,----------------------,2026-03-09T13:15:44.893453,INFO,unknown,----------------------,{'source': 'SOP-003-High-500-Error-Rate.txt'},103,🟢 INFO
83,f03d5cd6329d,"If deployment caused the issue, rollback immediately:",2026-03-09T13:15:44.893453,INFO,unknown,"If deployment caused the issue, rollback immediately:",{'source': 'SOP-003-High-500-Error-Rate.txt'},104,🟢 INFO
84,19d2675cec87,  Step 1: Confirm deployment was the cause,2026-03-09T13:15:44.893453,INFO,unknown,  Step 1: Confirm deployment was the cause,{'source': 'SOP-003-High-500-Error-Rate.txt'},106,🟢 INFO
85,15f344cc6f7e,    kubectl rollout history deployment/web-server,2026-03-09T13:15:44.893453,INFO,unknown,    kubectl rollout history deployment/web-server,{'source': 'SOP-003-High-500-Error-Rate.txt'},107,🟢 INFO
86,423d7edf1d3e,  Step 2: Roll back to previous version,2026-03-09T13:15:44.893453,INFO,unknown,  Step 2: Roll back to previous version,{'source': 'SOP-003-High-500-Error-Rate.txt'},109,🟢 INFO
87,0df1aec5ab2e,    kubectl rollout undo deployment/web-server,2026-03-09T13:15:44.893453,INFO,unknown,    kubectl rollout undo deployment/web-server,{'source': 'SOP-003-High-500-Error-Rate.txt'},110,🟢 INFO
88,83a0320789c8,    # Or to specific revision:,2026-03-09T13:15:44.893453,INFO,unknown,    # Or to specific revision:,{'source': 'SOP-003-High-500-Error-Rate.txt'},111,🟢 INFO
89,1e92dc35831c,    kubectl rollout undo deployment/web-server --to-revision=3,2026-03-09T13:15:44.893453,INFO,unknown,    kubectl rollout undo deployment/web-server --to-revision=3,{'source': 'SOP-003-High-500-Error-Rate.txt'},112,🟢 INFO
90,fde2d820caef,  Step 3: Monitor rollout,2026-03-09T13:15:44.893453,INFO,unknown,  Step 3: Monitor rollout,{'source': 'SOP-003-High-500-Error-Rate.txt'},114,🟢 INFO
91,82bfbf8166b2,    kubectl rollout status deployment/web-server,2026-03-09T13:15:44.893453,INFO,unknown,    kubectl rollout status deployment/web-server,{'source': 'SOP-003-High-500-Error-Rate.txt'},115,🟢 INFO
92,2a570a9da778,  Step 4: Verify error rate drops,2026-03-09T13:15:44.893453,INFO,unknown,  Step 4: Verify error rate drops,{'source': 'SOP-003-High-500-Error-Rate.txt'},117,🟢 INFO
93,5fea857e1ead,"    # Wait 2-3 minutes, check dashboard",2026-03-09T13:15:44.893453,INFO,unknown,"    # Wait 2-3 minutes, check dashboard",{'source': 'SOP-003-High-500-Error-Rate.txt'},118,🟢 INFO
94,ff94ddff5c6e,7. VALIDATION,2026-03-09T13:15:44.893453,INFO,unknown,7. VALIDATION,{'source': 'SOP-003-High-500-Error-Rate.txt'},120,🟢 INFO
95,a8057e2ff85f,-------------,2026-03-09T13:15:44.893453,INFO,unknown,-------------,{'source': 'SOP-003-High-500-Error-Rate.txt'},121,🟢 INFO
96,87dc45a57bd4,  1. Error rate < 1% (sustained for 5 minutes),2026-03-09T13:15:44.893453,INFO,unknown,  1. Error rate < 1% (sustained for 5 minutes),{'source': 'SOP-003-High-500-Error-Rate.txt'},122,🟢 INFO
97,52742c21df30,  2. All health checks passing: curl https://api.internal/health,2026-03-09T13:15:44.893453,INFO,unknown,  2. All health checks passing: curl https://api.internal/health,{'source': 'SOP-003-High-500-Error-Rate.txt'},123,🟢 INFO
98,bc83479aac5c,  3. No OOMKilled pods: kubectl get events | grep -i kill,2026-03-09T13:15:44.893453,INFO,unknown,  3. No OOMKilled pods: kubectl get events | grep -i kill,{'source': 'SOP-003-High-500-Error-Rate.txt'},124,🟢 INFO
99,769f6038b77f,  4. Database connections normal (see SOP-001),2026-03-09T13:15:44.893453,INFO,unknown,  4. Database connections normal (see SOP-001),{'source': 'SOP-003-High-500-Error-Rate.txt'},125,🟢 INFO
100,24e9179580d7,  5. Response time p99 < 200ms,2026-03-09T13:15:44.893453,INFO,unknown,  5. Response time p99 < 200ms,{'source': 'SOP-003-High-500-Error-Rate.txt'},126,🟢 INFO
101,cbe4f22b301f,  6. No alerts firing in PagerDuty,2026-03-09T13:15:44.893453,INFO,unknown,  6. No alerts firing in PagerDuty,{'source': 'SOP-003-High-500-Error-Rate.txt'},127,🟢 INFO
102,aa0e89666070,8. POST-INCIDENT ACTIONS,2026-03-09T13:15:44.893453,INFO,unknown,8. POST-INCIDENT ACTIONS,{'source': 'SOP-003-High-500-Error-Rate.txt'},129,🟢 INFO
103,a558d148e65c,------------------------,2026-03-09T13:15:44.893453,INFO,unknown,------------------------,{'source': 'SOP-003-High-500-Error-Rate.txt'},130,🟢 INFO
104,83fe951e0c0b,  - File incident report within 24 hours,2026-03-09T13:15:44.894450,INFO,unknown,  - File incident report within 24 hours,{'source': 'SOP-003-High-500-Error-Rate.txt'},131,🟢 INFO
105,7504ce73cd22,  - Add automated test for the root cause scenario,2026-03-09T13:15:44.894450,INFO,unknown,  - Add automated test for the root cause scenario,{'source': 'SOP-003-High-500-Error-Rate.txt'},132,🟢 INFO
106,3d0f664a087b,  - Review deployment checklist — add missing validation step,2026-03-09T13:15:44.894450,INFO,unknown,  - Review deployment checklist — add missing validation step,{'source': 'SOP-003-High-500-Error-Rate.txt'},133,🟢 INFO
107,4751ad112b3d,  - Update runbook if new root cause discovered,2026-03-09T13:15:44.894450,INFO,unknown,  - Update runbook if new root cause discovered,{'source': 'SOP-003-High-500-Error-Rate.txt'},134,🟢 INFO
108,ee206a4576d3,Contacts:,2026-03-09T13:15:44.894450,INFO,unknown,Contacts:,{'source': 'SOP-003-High-500-Error-Rate.txt'},136,🟢 INFO
109,23eef53efc25,  Application Team: #app-oncall (Slack),2026-03-09T13:15:44.894450,INFO,unknown,  Application Team: #app-oncall (Slack),{'source': 'SOP-003-High-500-Error-Rate.txt'},137,🟢 INFO
110,ffa2ddd99d4c,  Platform Team: #platform-oncall (Slack),2026-03-09T13:15:44.894450,INFO,unknown,  Platform Team: #platform-oncall (Slack),{'source': 'SOP-003-High-500-Error-Rate.txt'},138,🟢 INFO
111,e5e603bc095e,  Escalation: ***EMAIL***,2026-03-09T13:15:44.894450,INFO,unknown,  Escalation: ***EMAIL***,{'source': 'SOP-003-High-500-Error-Rate.txt'},139,🟢 INFO
112,bb47c11d5487,"{""timestamp"":""2024-02-10T09:00:01Z"",""level"":""INFO"",""service"":""api-gateway"",""message"":""Gateway started"",""version"":""3.1.0"",""port"":443}",2024-02-10T09:00:01,INFO,api-gateway,Gateway started,"{'service': 'api-gateway', 'version': '3.1.0', 'port': 443, 'source': 'microservices_json.log'}",0,🟢 INFO
113,bbd4fe90cc21,"{""timestamp"":""2024-02-10T09:00:02Z"",""level"":""INFO"",""service"":""user-service"",""message"":""Connected to database"",""host"":""users-db"",""pool_size"":20}",2024-02-10T09:00:02,INFO,user-service,Connected to database,"{'service': 'user-service', 'host': 'users-db', 'pool_size': 20, 'source': 'microservices_json.log'}",1,🟢 INFO
114,6e4763d34c2d,"{""timestamp"":""2024-02-10T09:00:03Z"",""level"":""INFO"",""service"":""order-service"",""message"":""Connected to database"",""host"":""orders-db"",""pool_size"":30}",2024-02-10T09:00:03,INFO,order-service,Connected to database,"{'service': 'order-service', 'host': 'orders-db', 'pool_size': 30, 'source': 'microservices_json.log'}",2,🟢 INFO
115,f607436eda54,"{""timestamp"":""2024-02-10T09:00:05Z"",""level"":""INFO"",""service"":""api-gateway"",""message"":""Request handled"",""method"":""GET"",""path"":""/v1/users"",""status"":200,""latency_ms"":22}",2024-02-10T09:00:05,INFO,api-gateway,Request handled,"{'service': 'api-gateway', 'method': 'GET', 'path': '/v1/users', 'status': 200, 'latency_ms': 22, 'source': 'microservices_json.log'}",3,🟢 INFO
116,b665ca9b89be,"{""timestamp"":""2024-02-10T09:00:07Z"",""level"":""INFO"",""service"":""api-gateway"",""message"":""Request handled"",""method"":""POST"",""path"":""/v1/orders"",""status"":201,""latency_ms"":88}",2024-02-10T09:00:07,INFO,api-gateway,Request handled,"{'service': 'api-gateway', 'method': 'POST', 'path': '/v1/orders', 'status': 201, 'latency_ms': 88, 'source': 'microservices_json.log'}",4,🟢 INFO
117,d4f68724cc76,"{""timestamp"":""2024-02-10T09:00:09Z"",""level"":""INFO"",""service"":""order-service"",""message"":""Order created"",""order_id"":""ord_1001"",""user_id"":""usr_501"",""amount"":129.99}",2024-02-10T09:00:09,INFO,order-service,Order created,"{'service': 'order-service', 'order_id': 'ord_1001', 'user_id': 'usr_501', 'amount': 129.99, 'source': 'microservices_json.log'}",5,🟢 INFO
118,1381fc1d70cc,"{""timestamp"":""2024-02-10T09:00:11Z"",""level"":""INFO"",""service"":""inventory-service"",""message"":""Stock reserved"",""sku"":""SKU-XYZ-001"",""qty"":1,""warehouse"":""WH-EAST""}",2024-02-10T09:00:11,INFO,inventory-service,Stock reserved,"{'service': 'inventory-service', 'sku': 'SKU-XYZ-001', 'qty': 1, 'warehouse': 'WH-EAST', 'source': 'microservices_json.log'}",6,🟢 INFO
119,f4d0e75a5078,"{""timestamp"":""2024-02-10T09:00:15Z"",""level"":""INFO"",""service"":""api-gateway"",""message"":""Request handled"",""method"":""GET"",""path"":""/v1/health"",""status"":200,""latency_ms"":5}",2024-02-10T09:00:15,INFO,api-gateway,Request handled,"{'service': 'api-gateway', 'method': 'GET', 'path': '/v1/health', 'status': 200, 'latency_ms': 5, 'source': 'microservices_json.log'}",7,🟢 INFO
120,17082626d510,"{""timestamp"":""2024-02-10T09:01:00Z"",""level"":""INFO"",""service"":""api-gateway"",""message"":""Request handled"",""method"":""GET"",""path"":""/v1/products"",""status"":200,""latency_ms"":34}",2024-02-10T09:01:00,INFO,api-gateway,Request handled,"{'service': 'api-gateway', 'method': 'GET', 'path': '/v1/products', 'status': 200, 'latency_ms': 34, 'source': 'microservices_json.log'}",8,🟢 INFO
121,06d35de19367,"{""timestamp"":""2024-02-10T09:01:05Z"",""level"":""WARNING"",""service"":""cache-service"",""message"":""Cache hit rate low"",""hit_rate"":0.42,""threshold"":0.70,""cache"":""product-cache""}",2024-02-10T09:01:05,WARNING,cache-service,Cache hit rate low,"{'service': 'cache-service', 'hit_rate': 0.42, 'threshold': 0.7, 'cache': 'product-cache', 'source': 'microservices_json.log'}",9,🟡 WARNING
122,1c3b7c79a214,"{""timestamp"":""2024-02-10T09:01:10Z"",""level"":""INFO"",""service"":""api-gateway"",""message"":""Request handled"",""method"":""GET"",""path"":""/v1/products"",""status"":200,""latency_ms"":312}",2024-02-10T09:01:10,INFO,api-gateway,Request handled,"{'service': 'api-gateway', 'method': 'GET', 'path': '/v1/products', 'status': 200, 'latency_ms': 312, 'source': 'microservices_json.log'}",10,🟢 INFO
123,b4885083bfad,"{""timestamp"":""2024-02-10T09:01:12Z"",""level"":""WARNING"",""service"":""api-gateway"",""message"":""Elevated latency detected"",""path"":""/v1/products"",""latency_ms"":312,""p99_baseline"":50}",2024-02-10T09:01:12,WARNING,api-gateway,Elevated latency detected,"{'service': 'api-gateway', 'path': '/v1/products', 'latency_ms': 312, 'p99_baseline': 50, 'source': 'microservices_json.log'}",11,🟡 WARNING
124,9498388357fc,"{""timestamp"":""2024-02-10T09:01:15Z"",""level"":""INFO"",""service"":""api-gateway"",""message"":""Request handled"",""method"":""GET"",""path"":""/v1/products"",""status"":200,""latency_ms"":287}",2024-02-10T09:01:15,INFO,api-gateway,Request handled,"{'service': 'api-gateway', 'method': 'GET', 'path': '/v1/products', 'status': 200, 'latency_ms': 287, 'source': 'microservices_json.log'}",12,🟢 INFO
125,7c7fa269b47f,"{""timestamp"":""2024-02-10T09:01:18Z"",""level"":""WARNING"",""service"":""cache-service"",""message"":""Cache miss storm detected"",""misses_per_sec"":340,""normal_rate"":12}",2024-02-10T09:01:18,WARNING,cache-service,Cache miss storm detected,"{'service': 'cache-service', 'misses_per_sec': 340, 'normal_rate': 12, 'source': 'microservices_json.log'}",13,🟡 WARNING
126,2c63fcd9b856,"{""timestamp"":""2024-02-10T09:01:20Z"",""level"":""ERROR"",""service"":""cache-service"",""message"":""Redis connection refused"",""host"":""redis-primary"",""port"":6379,""attempt"":1}",2024-02-10T09:01:20,ERROR,cache-service,Redis connection refused,"{'service': 'cache-service', 'host': 'redis-primary', 'port': 6379, 'attempt': 1, 'source': 'microservices_json.log'}",14,🔴 ERROR
127,425b0357dcfc,"{""timestamp"":""2024-02-10T09:01:21Z"",""level"":""ERROR"",""service"":""cache-service"",""message"":""Redis connection refused"",""host"":""redis-primary"",""port"":6379,""attempt"":2}",2024-02-10T09:01:21,ERROR,cache-service,Redis connection refused,"{'service': 'cache-service', 'host': 'redis-primary', 'port': 6379, 'attempt': 2, 'source': 'microservices_json.log'}",15,🔴 ERROR
128,2b8a66d3770a,"{""timestamp"":""2024-02-10T09:01:22Z"",""level"":""ERROR"",""service"":""cache-service"",""message"":""Redis connection refused"",""host"":""redis-primary"",""port"":6379,""attempt"":3}",2024-02-10T09:01:22,ERROR,cache-service,Redis connection refused,"{'service': 'cache-service', 'host': 'redis-primary', 'port': 6379, 'attempt': 3, 'source': 'microservices_json.log'}",16,🔴 ERROR
129,92ce6d96808b,"{""timestamp"":""2024-02-10T09:01:23Z"",""level"":""CRITICAL"",""service"":""cache-service"",""message"":""Redis cluster unavailable"",""hosts"":[""redis-primary"",""redis-replica-1"",""redis-replica-2""],""impact"":""all caches degraded""}",2024-02-10T09:01:23,CRITICAL,cache-service,Redis cluster unavailable,"{'service': 'cache-service', 'hosts': ['redis-primary', 'redis-replica-1', 'redis-replica-2'], 'impact': 'all caches degraded', 'source': 'microservices_json.log'}",17,🔴 CRITICAL
130,c85aa8126fed,"{""timestamp"":""2024-02-10T09:01:24Z"",""level"":""ERROR"",""service"":""api-gateway"",""message"":""Request failed"",""method"":""GET"",""path"":""/v1/products"",""status"":500,""error"":""cache_unavailable""}",2024-02-10T09:01:24,ERROR,api-gateway,Request failed,"{'service': 'api-gateway', 'method': 'GET', 'path': '/v1/products', 'status': 500, 'error': 'cache_unavailable', 'source': 'microservices_json.log'}",18,🔴 ERROR
131,9df6a2791e23,"{""timestamp"":""2024-02-10T09:01:24Z"",""level"":""ERROR"",""service"":""api-gateway"",""message"":""Request failed"",""method"":""GET"",""path"":""/v1/users"",""status"":500,""error"":""cache_unavailable""}",2024-02-10T09:01:24,ERROR,api-gateway,Request failed,"{'service': 'api-gateway', 'method': 'GET', 'path': '/v1/users', 'status': 500, 'error': 'cache_unavailable', 'source': 'microservices_json.log'}",19,🔴 ERROR
132,fca2e57ffd20,"{""timestamp"":""2024-02-10T09:01:25Z"",""level"":""ERROR"",""service"":""api-gateway"",""message"":""Request failed"",""method"":""POST"",""path"":""/v1/orders"",""status"":500,""error"":""cache_unavailable""}",2024-02-10T09:01:25,ERROR,api-gateway,Request failed,"{'service': 'api-gateway', 'method': 'POST', 'path': '/v1/orders', 'status': 500, 'error': 'cache_unavailable', 'source': 'microservices_json.log'}",20,🔴 ERROR
133,862c5ccda35e,"{""timestamp"":""2024-02-10T09:01:25Z"",""level"":""ERROR"",""service"":""order-service"",""message"":""Failed to read session cache"",""session_id"":""sess_abc"",""error"":""ECONNREFUSED""}",2024-02-10T09:01:25,ERROR,order-service,Failed to read session cache,"{'service': 'order-service', 'session_id': 'sess_abc', 'error': 'ECONNREFUSED', 'source': 'microservices_json.log'}",21,🔴 ERROR
134,189a7ab81dfb,"{""timestamp"":""2024-02-10T09:01:26Z"",""level"":""ERROR"",""service"":""user-service"",""message"":""Failed to read session cache"",""session_id"":""sess_def"",""error"":""ECONNREFUSED""}",2024-02-10T09:01:26,ERROR,user-service,Failed to read session cache,"{'service': 'user-service', 'session_id': 'sess_def', 'error': 'ECONNREFUSED', 'source': 'microservices_json.log'}",22,🔴 ERROR
135,3258d475acbc,"{""timestamp"":""2024-02-10T09:01:26Z"",""level"":""ERROR"",""service"":""api-gateway"",""message"":""Request failed"",""method"":""GET"",""path"":""/v1/orders"",""status"":500,""error"":""cache_unavailable""}",2024-02-10T09:01:26,ERROR,api-gateway,Request failed,"{'service': 'api-gateway', 'method': 'GET', 'path': '/v1/orders', 'status': 500, 'error': 'cache_unavailable', 'source': 'microservices_json.log'}",23,🔴 ERROR
136,0d19d980ea13,"{""timestamp"":""2024-02-10T09:01:27Z"",""level"":""ERROR"",""service"":""api-gateway"",""message"":""Request failed"",""method"":""POST"",""path"":""/v1/checkout"",""status"":500,""error"":""cache_unavailable""}",2024-02-10T09:01:27,ERROR,api-gateway,Request failed,"{'service': 'api-gateway', 'method': 'POST', 'path': '/v1/checkout', 'status': 500, 'error': 'cache_unavailable', 'source': 'microservices_json.log'}",24,🔴 ERROR
137,64029f2a6ea3,"{""timestamp"":""2024-02-10T09:01:27Z"",""level"":""CRITICAL"",""service"":""api-gateway"",""message"":""Error rate critical"",""error_rate_pct"":94.2,""window_sec"":10,""threshold_pct"":5}",2024-02-10T09:01:27,CRITICAL,api-gateway,Error rate critical,"{'service': 'api-gateway', 'error_rate_pct': 94.2, 'window_sec': 10, 'threshold_pct': 5, 'source': 'microservices_json.log'}",25,🔴 CRITICAL
138,fd8055c42dde,"{""timestamp"":""2024-02-10T09:01:28Z"",""level"":""ERROR"",""service"":""api-gateway"",""message"":""Request failed"",""method"":""GET"",""path"":""/v1/health"",""status"":503,""error"":""degraded_mode""}",2024-02-10T09:01:28,ERROR,api-gateway,Request failed,"{'service': 'api-gateway', 'method': 'GET', 'path': '/v1/health', 'status': 503, 'error': 'degraded_mode', 'source': 'microservices_json.log'}",26,🔴 ERROR
139,1ee3b8d1301e,"{""timestamp"":""2024-02-10T09:01:30Z"",""level"":""WARNING"",""service"":""alerting"",""message"":""PagerDuty alert fired"",""severity"":""P1"",""title"":""Cache cluster down"",""team"":""platform-infra""}",2024-02-10T09:01:30,WARNING,alerting,PagerDuty alert fired,"{'service': 'alerting', 'title': 'Cache cluster down', 'team': 'platform-infra', 'source': 'microservices_json.log'}",27,🟡 WARNING
140,1515ad2f2cc4,"{""timestamp"":""2024-02-10T09:01:45Z"",""level"":""INFO"",""service"":""cache-service"",""message"":""Attempting Redis failover"",""target"":""redis-replica-2""}",2024-02-10T09:01:45,INFO,cache-service,Attempting Redis failover,"{'service': 'cache-service', 'target': 'redis-replica-2', 'source': 'microservices_json.log'}",28,🟢 INFO
141,d2c840de9a23,"{""timestamp"":""2024-02-10T09:01:50Z"",""level"":""INFO"",""service"":""cache-service"",""message"":""Redis replica promoted"",""new_primary"":""redis-replica-2"",""sync_lag_ms"":120}",2024-02-10T09:01:50,INFO,cache-service,Redis replica promoted,"{'service': 'cache-service', 'new_primary': 'redis-replica-2', 'sync_lag_ms': 120, 'source': 'microservices_json.log'}",29,🟢 INFO
142,9c7a6517b4c2,"{""timestamp"":""2024-02-10T09:01:52Z"",""level"":""INFO"",""service"":""cache-service"",""message"":""Redis connection restored"",""host"":""redis-replica-2"",""latency_ms"":3}",2024-02-10T09:01:52,INFO,cache-service,Redis connection restored,"{'service': 'cache-service', 'host': 'redis-replica-2', 'latency_ms': 3, 'source': 'microservices_json.log'}",30,🟢 INFO
143,e154f50878f8,"{""timestamp"":""2024-02-10T09:01:55Z"",""level"":""INFO"",""service"":""cache-service"",""message"":""Cache warming started"",""keys_to_warm"":8420}",2024-02-10T09:01:55,INFO,cache-service,Cache warming started,"{'service': 'cache-service', 'keys_to_warm': 8420, 'source': 'microservices_json.log'}",31,🟢 INFO
144,27d6edd369d8,"{""timestamp"":""2024-02-10T09:02:05Z"",""level"":""INFO"",""service"":""cache-service"",""message"":""Cache warming complete"",""keys_warmed"":8420,""duration_ms"":9800}",2024-02-10T09:02:05,INFO,cache-service,Cache warming complete,"{'service': 'cache-service', 'keys_warmed': 8420, 'duration_ms': 9800, 'source': 'microservices_json.log'}",32,🟢 INFO
145,bb1b25a305ab,"{""timestamp"":""2024-02-10T09:02:08Z"",""level"":""INFO"",""service"":""api-gateway"",""message"":""Request handled"",""method"":""GET"",""path"":""/v1/health"",""status"":200,""latency_ms"":7}",2024-02-10T09:02:08,INFO,api-gateway,Request handled,"{'service': 'api-gateway', 'method': 'GET', 'path': '/v1/health', 'status': 200, 'latency_ms': 7, 'source': 'microservices_json.log'}",33,🟢 INFO
146,cf1e3c5cedd1,"{""timestamp"":""2024-02-10T09:02:10Z"",""level"":""INFO"",""service"":""api-gateway"",""message"":""Request handled"",""method"":""GET"",""path"":""/v1/products"",""status"":200,""latency_ms"":38}",2024-02-10T09:02:10,INFO,api-gateway,Request handled,"{'service': 'api-gateway', 'method': 'GET', 'path': '/v1/products', 'status': 200, 'latency_ms': 38, 'source': 'microservices_json.log'}",34,🟢 INFO
147,53e629ff2c80,"{""timestamp"":""2024-02-10T09:02:12Z"",""level"":""INFO"",""service"":""api-gateway"",""message"":""Request handled"",""method"":""POST"",""path"":""/v1/orders"",""status"":201,""latency_ms"":92}",2024-02-10T09:02:12,INFO,api-gateway,Request handled,"{'service': 'api-gateway', 'method': 'POST', 'path': '/v1/orders', 'status': 201, 'latency_ms': 92, 'source': 'microservices_json.log'}",35,🟢 INFO
148,f951d1c1fd91,"{""timestamp"":""2024-02-10T09:02:15Z"",""level"":""INFO"",""service"":""cache-service"",""message"":""Cache hit rate restored"",""hit_rate"":0.89}",2024-02-10T09:02:15,INFO,cache-service,Cache hit rate restored,"{'service': 'cache-service', 'hit_rate': 0.89, 'source': 'microservices_json.log'}",36,🟢 INFO
149,3a8def5365fd,"{""timestamp"":""2024-02-10T09:02:20Z"",""level"":""INFO"",""service"":""alerting"",""message"":""PagerDuty alert resolved"",""title"":""Cache cluster down"",""duration_min"":1}",2024-02-10T09:02:20,INFO,alerting,PagerDuty alert resolved,"{'service': 'alerting', 'title': 'Cache cluster down', 'duration_min': 1, 'source': 'microservices_json.log'}",37,🟢 INFO
150,b693dd6eab21,"{""timestamp"":""2024-02-10T09:03:00Z"",""level"":""INFO"",""service"":""api-gateway"",""message"":""Request handled"",""method"":""GET"",""path"":""/v1/health"",""status"":200,""latency_ms"":6}",2024-02-10T09:03:00,INFO,api-gateway,Request handled,"{'service': 'api-gateway', 'method': 'GET', 'path': '/v1/health', 'status': 200, 'latency_ms': 6, 'source': 'microservices_json.log'}",38,🟢 INFO
151,696982ac01c9,"{""timestamp"":""2024-02-10T09:03:05Z"",""level"":""INFO"",""service"":""api-gateway"",""message"":""Request handled"",""method"":""GET"",""path"":""/v1/products"",""status"":200,""latency_ms"":31}",2024-02-10T09:03:05,INFO,api-gateway,Request handled,"{'service': 'api-gateway', 'method': 'GET', 'path': '/v1/products', 'status': 200, 'latency_ms': 31, 'source': 'microservices_json.log'}",39,🟢 INFO
152,40fe10e4cbf0,"{""timestamp"":""2024-02-10T09:03:10Z"",""level"":""INFO"",""service"":""order-service"",""message"":""Order created"",""order_id"":""ord_1002"",""user_id"":""usr_502"",""amount"":44.50}",2024-02-10T09:03:10,INFO,order-service,Order created,"{'service': 'order-service', 'order_id': 'ord_1002', 'user_id': 'usr_502', 'amount': 44.5, 'source': 'microservices_json.log'}",40,🟢 INFO
153,2227cd3e2e6e,"{""timestamp"":""2024-02-10T09:03:15Z"",""level"":""INFO"",""service"":""api-gateway"",""message"":""Request handled"",""method"":""GET"",""path"":""/v1/users"",""status"":200,""latency_ms"":19}",2024-02-10T09:03:15,INFO,api-gateway,Request handled,"{'service': 'api-gateway', 'method': 'GET', 'path': '/v1/users', 'status': 200, 'latency_ms': 19, 'source': 'microservices_json.log'}",41,🟢 INFO
154,1be1ffb9c2c7,"{""timestamp"":""2024-02-10T09:04:00Z"",""level"":""INFO"",""service"":""api-gateway"",""message"":""Request handled"",""method"":""GET"",""path"":""/v1/health"",""status"":200,""latency_ms"":5}",2024-02-10T09:04:00,INFO,api-gateway,Request handled,"{'service': 'api-gateway', 'method': 'GET', 'path': '/v1/health', 'status': 200, 'latency_ms': 5, 'source': 'microservices_json.log'}",42,🟢 INFO
155,0278a6ce6b91,"{""timestamp"":""2024-02-10T09:04:30Z"",""level"":""WARNING"",""service"":""order-service"",""message"":""Dead letter queue growing"",""queue"":""order-events-dlq"",""depth"":142,""threshold"":100}",2024-02-10T09:04:30,WARNING,order-service,Dead letter queue growing,"{'service': 'order-service', 'queue': 'order-events-dlq', 'depth': 142, 'threshold': 100, 'source': 'microservices_json.log'}",43,🟡 WARNING
156,e59505c55671,"{""timestamp"":""2024-02-10T09:04:35Z"",""level"":""ERROR"",""service"":""order-service"",""message"":""Failed to publish event"",""event"":""OrderCreated"",""broker"":""kafka-broker-1"",""error"":""leader_not_available""}",2024-02-10T09:04:35,ERROR,order-service,Failed to publish event,"{'service': 'order-service', 'event': 'OrderCreated', 'broker': 'kafka-broker-1', 'error': 'leader_not_available', 'source': 'microservices_json.log'}",44,🔴 ERROR
157,d7e21729f62e,"{""timestamp"":""2024-02-10T09:04:36Z"",""level"":""ERROR"",""service"":""order-service"",""message"":""Failed to publish event"",""event"":""OrderCreated"",""broker"":""kafka-broker-1"",""error"":""leader_not_available""}",2024-02-10T09:04:36,ERROR,order-service,Failed to publish event,"{'service': 'order-service', 'event': 'OrderCreated', 'broker': 'kafka-broker-1', 'error': 'leader_not_available', 'source': 'microservices_json.log'}",45,🔴 ERROR
158,3f9fac75236f,"{""timestamp"":""2024-02-10T09:04:37Z"",""level"":""ERROR"",""service"":""order-service"",""message"":""Failed to publish event"",""event"":""OrderShipped"",""broker"":""kafka-broker-1"",""error"":""leader_not_available""}",2024-02-10T09:04:37,ERROR,order-service,Failed to publish event,"{'service': 'order-service', 'event': 'OrderShipped', 'broker': 'kafka-broker-1', 'error': 'leader_not_available', 'source': 'microservices_json.log'}",46,🔴 ERROR
159,3cf6242804e3,"{""timestamp"":""2024-02-10T09:04:38Z"",""level"":""WARNING"",""service"":""kafka"",""message"":""Broker leader election in progress"",""partition"":""order-events-0"",""elapsed_ms"":3200}",2024-02-10T09:04:38,WARNING,kafka,Broker leader election in progress,"{'service': 'kafka', 'partition': 'order-events-0', 'elapsed_ms': 3200, 'source': 'microservices_json.log'}",47,🟡 WARNING
160,2713209d5d6c,"{""timestamp"":""2024-02-10T09:04:42Z"",""level"":""INFO"",""service"":""kafka"",""message"":""New leader elected"",""partition"":""order-events-0"",""leader"":""kafka-broker-2"",""election_ms"":3800}",2024-02-10T09:04:42,INFO,kafka,New leader elected,"{'service': 'kafka', 'partition': 'order-events-0', 'leader': 'kafka-broker-2', 'election_ms': 3800, 'source': 'microservices_json.log'}",48,🟢 INFO
161,847d87211b38,"{""timestamp"":""2024-02-10T09:04:45Z"",""level"":""INFO"",""service"":""order-service"",""message"":""Event published successfully"",""event"":""OrderCreated"",""broker"":""kafka-broker-2""}",2024-02-10T09:04:45,INFO,order-service,Event published successfully,"{'service': 'order-service', 'event': 'OrderCreated', 'broker': 'kafka-broker-2', 'source': 'microservices_json.log'}",49,🟢 INFO
162,d0ed33336975,"{""timestamp"":""2024-02-10T09:04:48Z"",""level"":""INFO"",""service"":""order-service"",""message"":""DLQ replay started"",""queue"":""order-events-dlq"",""depth"":142}",2024-02-10T09:04:48,INFO,order-service,DLQ replay started,"{'service': 'order-service', 'queue': 'order-events-dlq', 'depth': 142, 'source': 'microservices_json.log'}",50,🟢 INFO
163,ee5e1526c990,"{""timestamp"":""2024-02-10T09:05:00Z"",""level"":""INFO"",""service"":""order-service"",""message"":""DLQ replay complete"",""replayed"":142,""failed"":0}",2024-02-10T09:05:00,INFO,order-service,DLQ replay complete,"{'service': 'order-service', 'replayed': 142, 'failed': 0, 'source': 'microservices_json.log'}",51,🟢 INFO
164,ed601d08a4ab,"{""timestamp"":""2024-02-10T09:05:05Z"",""level"":""INFO"",""service"":""api-gateway"",""message"":""Request handled"",""method"":""GET"",""path"":""/v1/health"",""status"":200,""latency_ms"":6}",2024-02-10T09:05:05,INFO,api-gateway,Request handled,"{'service': 'api-gateway', 'method': 'GET', 'path': '/v1/health', 'status': 200, 'latency_ms': 6, 'source': 'microservices_json.log'}",52,🟢 INFO
